product_name,product_id,image,url,price,scraped_at
Mini Glossier You Wardrobe Kit,9968845062389,['https://www.glossier.com/cdn/shop/files/glossier-1008-holiday-26-wardrobe-kit-pdp-carousel-1.png?v=1791390485'],https://www.glossier.com/products/mini-you-wardrobe-set,64.0,2026-10-09T15:56:24.577775+00:00
Glossier You Duo,9968844275957,['https://www.glossier.com/cdn/shop/files/glossier-1008-glossier-you-duo-pdp-carousel-01.jpg?v=1791390776'],https://www.glossier.com/products/glossier-holiday-you-duo,90.0,2026-10-09T15:56:24.577775+00:00
Glossier You Doux,8940012372213,['https://www.glossier.com/cdn/shop/files/glossier-carousel-doux-xl-01.png?v=1755787773'],https://www.glossier.com/products/glossier-you-doux,32.0,2026-10-09T15:56:24.577775+00:00
Glossier You,8138352754933,['https://www.glossier.com/cdn/shop/files/glossier-fragrance-you-xl-01.png?v=1771858069'],https://www.glossier.com/products/glossier-you,32.0,2026-10-09T15:56:24.577775+00:00
Boy Brow,8058325532917,['https://www.glossier.com/cdn/shop/files/glossier-0917-boy-brow-black-carousel-1.png?v=1789652768'],https://www.glossier.com/products/boy-brow,22.0,2026-10-09T15:56:24.577775+00:00
Balm Dotcom,9150866882805,['https://www.glossier.com/cdn/shop/files/glossier-iheartny-balm-carousel-01.png?v=1783700209'],https://www.glossier.com/products/balm-dotcom,16.0,2026-10-09T15:56:24.577775+00:00
Fragrance Duo,9673207906549,['https://www.glossier.com/cdn/shop/files/fragrance-duo-01.png?v=1787939917'],https://www.glossier.com/products/fragrance-duo,0.0,2026-10-09T15:56:24.577775+00:00
In A New York Minute Set,9748303511797,['https://www.glossier.com/cdn/shop/files/glossier-newyorkminute--set-carousel-updated.png?v=1788374006'],https://www.glossier.com/products/in-a-new-york-minute,70.0,2026-10-09T15:56:24.577775+00:00
Travel Spray + Balm,9673208594677,['https://www.glossier.com/cdn/shop/files/glossier-you-flexsets-BDC-8ml-duo-2-01.jpg?v=1780410379'],https://www.glossier.com/products/travel-spray-balm,0.0,2026-10-09T15:56:24.577775+00:00
Fragrance Two Ways,9673208430837,['https://www.glossier.com/cdn/shop/files/fragrance-two-ways-01.png?v=1787939781'],https://www.glossier.com/products/fragrance-two-ways,0.0,2026-10-09T15:56:24.577775+00:00
Lip Line,8955889910005,['https://www.glossier.com/cdn/shop/files/glossier-lipline-black-cherry-carousel-01.png?v=1734363525'],https://www.glossier.com/products/lip-line,20.0,2026-10-09T15:56:24.577775+00:00
Cloud Paint Plush Blush,9313312211189,['https://www.glossier.com/cdn/shop/files/glossier-cppb-float-carousel-01.png?v=1756997515'],https://www.glossier.com/products/cloud-paint-plush-blush,26.0,2026-10-09T15:56:24.577775+00:00
Cloud Paint,8955892400373,['https://www.glossier.com/cdn/shop/files/glossier-cloud-paint-puff-carousel-01.png?v=1720703922'],https://www.glossier.com/products/cloud-paint,16.0,2026-10-09T15:56:24.577775+00:00
The Glossier Icons,9763083223285,['https://www.glossier.com/cdn/shop/files/glossier-the-glossier-icons-carousel-01_6591b3e2-4bc4-4f80-bfd8-a821163caeba.png?v=1784305216'],https://www.glossier.com/products/the-glossier-icons,65.0,2026-10-09T15:56:24.577775+00:00
Fragrance Trio,9673212657909,['https://www.glossier.com/cdn/shop/files/fragrance-trio-01.png?v=1787939845'],https://www.glossier.com/products/fragrance-trio,0.0,2026-10-09T15:56:24.577775+00:00
The Skincare Icons,9762941010165,['https://www.glossier.com/cdn/shop/files/glossier-the-skincare-icons-carousel-01.png?v=1784297003'],https://www.glossier.com/products/the-skincare-icons,72.0,2026-10-09T15:56:24.577775+00:00
Futuredew,8035305128181,['https://www.glossier.com/cdn/shop/files/glossier-skincare-futuredew-carousel-01.png?v=1762200221'],https://www.glossier.com/products/futuredew,30.0,2026-10-09T15:56:24.577775+00:00
Glossier You Rêve,8940009718005,['https://www.glossier.com/cdn/shop/files/glossier-reve-launch-carousel-01.png?v=1762201738'],https://www.glossier.com/products/glossier-you-reve,32.0,2026-10-09T15:56:24.577775+00:00
Glossier You Soie,9478056870133,['https://www.glossier.com/cdn/shop/files/new-glossier-fragrance-you-soie-carousel-01.jpg?v=1773944820'],https://www.glossier.com/products/glossier-you-soie,32.0,2026-10-09T15:56:26.356291+00:00
Glossier You Fleur,9002628088053,['https://www.glossier.com/cdn/shop/files/glossier-fleur-50ml-carousel-01.png?v=1762201806'],https://www.glossier.com/products/glossier-you-fleur,32.0,2026-10-09T15:56:26.356291+00:00
Glossier You Discovery Kit,9345143865589,['https://www.glossier.com/cdn/shop/files/glossier-holiday-mini-wardrobe-carousel-01.png?v=1763733915'],https://www.glossier.com/products/glossier-you-mini-wardrobe,15.0,2026-10-09T15:56:26.356291+00:00
Embroidered Pink Hoodie,9674603921653,['https://www.glossier.com/cdn/shop/files/Galleryimage1.jpg?v=1779821179'],https://www.glossier.com/products/embroidered-pink-hoodie,65.0,2026-10-09T15:56:26.356291+00:00
Lash Slick,8035305554165,['https://www.glossier.com/cdn/shop/files/glossier-makeup-lashslick-brown-01.png?v=1726759396'],https://www.glossier.com/products/lash-slick,20.0,2026-10-09T15:56:26.356291+00:00
Ultralip,8983877845237,['https://www.glossier.com/cdn/shop/files/glossier-makeup-ultralip-lucite-carousel-01.png?v=1739298528'],https://www.glossier.com/products/ultralip,22.0,2026-10-09T15:56:26.356291+00:00
The Face Kit,8096651477237,['https://www.glossier.com/cdn/shop/files/glossier-pst-concealer-carousel-01_0dba3ecc-7ff7-4fbe-8bca-35014f8ab94b.png?v=1762200597'],https://www.glossier.com/products/the-face-kit,47.0,2026-10-09T15:56:26.356291+00:00
Boy Brow Duo,9720388026613,['https://www.glossier.com/cdn/shop/files/glossier-boy-brow-duo-set-carousel-01.png?v=1782217779'],https://www.glossier.com/products/boy-brow-duo,37.0,2026-10-09T15:56:26.356291+00:00
Balm Dotcom Trio,9151050449141,['https://www.glossier.com/cdn/shop/files/BDC_Trio_-_I_3NY_birthday_blackcherry.png?v=1788208005'],https://www.glossier.com/products/balm-dotcom-trio,42.0,2026-10-09T15:56:26.356291+00:00
Milky Jelly Cleanser,8255637979381,['https://www.glossier.com/cdn/shop/files/glossier-skincare-mjc177ml-carousel-1.png?v=1770906323'],https://www.glossier.com/products/milky-jelly-cleanser,5.0,2026-10-09T15:56:26.356291+00:00
Invisible Shield SPF50,8321320681717,['https://www.glossier.com/cdn/shop/files/glossier-skincare-spf-carousel-01.png?v=1762201058'],https://www.glossier.com/products/invisible-shield-spf50,32.0,2026-10-09T15:56:26.356291+00:00
Perfecting Skin Tint,8035307880693,['https://www.glossier.com/cdn/shop/files/glossier-makeup-pst-g1-carousel-01.png?v=1762200276'],https://www.glossier.com/products/perfecting-skin-tint,30.0,2026-10-09T15:56:26.356291+00:00
Stretch Balm Concealer,8087462052085,['https://www.glossier.com/cdn/shop/files/glossier-stretch-concealer-very-deep-4-carousel-01.png?v=1762200570'],https://www.glossier.com/products/stretch-balm-concealer,22.0,2026-10-09T15:56:26.356291+00:00
Stretch Fluid Foundation,8075554783477,['https://www.glossier.com/cdn/shop/files/glossier-stretch-foundation-very-deep-4-carousel-01.png?v=1762200503'],https://www.glossier.com/products/stretch-fluid-foundation,34.0,2026-10-09T15:56:26.356291+00:00
Crème de You,8771481239797,['https://www.glossier.com/cdn/shop/files/glossier-cremedeyou-01.png?v=1762201484'],https://www.glossier.com/products/creme-de-you,45.0,2026-10-09T15:56:26.356291+00:00
Mini Beauty Bag,8280100143349,['https://www.glossier.com/cdn/shop/files/glossier-pink-beautybag-carousel-01.png?v=1762201008'],https://www.glossier.com/products/mini-beauty-bag,35.0,2026-10-09T15:56:26.356291+00:00
The Beauty Bag,8035305881845,['https://www.glossier.com/cdn/shop/products/glossier-beautybag-carousel-01.png?v=1762200238'],https://www.glossier.com/products/the-beauty-bag,45.0,2026-10-09T15:56:26.356291+00:00
The No-Makeup Makeup Kit,9720429347061,['https://www.glossier.com/cdn/shop/files/glossier-nomakeupmakeup-carousel-01.png?v=1782223725'],https://www.glossier.com/products/the-no-makeup-makeup-kit,54.0,2026-10-09T15:56:26.356291+00:00
Errand Bag,9677630636277,['https://www.glossier.com/cdn/shop/files/GL-Pink-Capsule-PDP-Errand-Bag1.jpg?v=1779723554'],https://www.glossier.com/products/errand-bag,15.0,2026-10-09T15:56:28.046261+00:00
Lip Gloss,8781157761269,['https://www.glossier.com/cdn/shop/files/glossier-lipgloss-pink-carousel-01.png?v=1725988435'],https://www.glossier.com/products/lip-gloss,18.0,2026-10-09T15:56:28.046261+00:00
Boy Brow Arch,8703842156789,['https://www.glossier.com/cdn/shop/files/glossier-bba-black-carousel-01.png?v=1722346009'],https://www.glossier.com/products/boy-brow-arch,24.0,2026-10-09T15:56:28.046261+00:00
Hand Cream,9349787418869,['https://www.glossier.com/cdn/shop/files/glossier-holiday-handcream-carousel-01.png?v=1759155006'],https://www.glossier.com/products/hand-cream,20.0,2026-10-09T15:56:28.046261+00:00
Deodorant,8035306275061,['https://www.glossier.com/cdn/shop/products/glossier-deo-you-carousel-01.png?v=1765389767'],https://www.glossier.com/products/deodorant,23.0,2026-10-09T15:56:28.046261+00:00
Glossier Candles,8196948459765,['https://www.glossier.com/cdn/shop/files/glossier-candle-you-carousel-01_8f3ee16e-d330-44ca-9fe3-05c002c16c6b.png?v=1762200827'],https://www.glossier.com/products/glossier-candle,45.0,2026-10-09T15:56:28.046261+00:00
Generation G,8197538709749,['https://www.glossier.com/cdn/shop/files/glossier-makeup-geng-cake-carousel-01.png?v=1762200830'],https://www.glossier.com/products/generation-g,20.0,2026-10-09T15:56:28.046261+00:00
Lip Glaze,9017577963765,['https://www.glossier.com/cdn/shop/files/glossier-lipglaze-melty-carousel-01.png?v=1775082104'],https://www.glossier.com/products/lip-glaze,22.0,2026-10-09T15:56:28.046261+00:00
Ultralip Duo,9011101597941,['https://www.glossier.com/cdn/shop/files/glossier-ultralip-duo-carousel-01.png?v=1762201827'],https://www.glossier.com/products/ultralip-duo,39.0,2026-10-09T15:56:28.046261+00:00
Balm + Line Duo,9151055298805,['https://www.glossier.com/cdn/shop/files/lipline-bdc-carousel-01.png?v=1772202645'],https://www.glossier.com/products/balm-line-duo,29.0,2026-10-09T15:56:28.046261+00:00
After Baume,8255678841077,['https://www.glossier.com/cdn/shop/files/glossier-0814-after-baume-carousel-1.png?v=1786718228'],https://www.glossier.com/products/glossier-after-baume,10.0,2026-10-09T15:56:28.046261+00:00
Body Hero Dry-Touch Oil Mist,8035305980149,['https://www.glossier.com/cdn/shop/files/glossier-bodyhero-oilmoist-carousel-01.png?v=1762887218'],https://www.glossier.com/products/body-hero-dry-touch-oil-mist,30.0,2026-10-09T15:56:28.046261+00:00
You Look Good Pet Set,9688026841333,['https://www.glossier.com/cdn/shop/files/glossier-dog-merch-full-assortment-set-carousel-01.png?v=1779725264'],https://www.glossier.com/products/you-look-good-pet-set,38.0,2026-10-09T15:56:28.046261+00:00
The Curbside Set,9688046076149,['https://www.glossier.com/cdn/shop/files/GL-Pink-Capsule-PDP-Dispenser-Bag-Set1.png?v=1779725509'],https://www.glossier.com/products/the-curbside-set,10.0,2026-10-09T15:56:28.046261+00:00
You Look Good Leash,9677642465525,['https://www.glossier.com/cdn/shop/files/GL-Pink-Capsule-PDP-Leash1.jpg?v=1779723866'],https://www.glossier.com/products/you-look-good-leash,20.0,2026-10-09T15:56:28.046261+00:00
You Look Good Collar,9677651181813,['https://www.glossier.com/cdn/shop/files/GL-Pink-Capsule-PDP-Collar1.jpg?v=1779724247'],https://www.glossier.com/products/you-look-good-collar,15.0,2026-10-09T15:56:28.047471+00:00
Pet Waste Bag Dispenser,9677678936309,['https://www.glossier.com/cdn/shop/files/GL-Pink-Capsule-PDP-Pet-Wast-Bag-Dispenser1.jpg?v=1779724923'],https://www.glossier.com/products/pet-waste-bag-dispenser,8.0,2026-10-09T15:56:28.047471+00:00
Smile Wave Pet Waste Bags,9677686636789,['https://www.glossier.com/cdn/shop/files/GL-Pink-Capsule-PDP-Pet-Waste-Bag1.png?v=1779856129'],https://www.glossier.com/products/smile-wave-pet-waste-bags,5.0,2026-10-09T15:56:28.047471+00:00
Glossier You Solid,8035305390325,['https://www.glossier.com/cdn/shop/files/glossier-fragrance-you-solid-01.png?v=1762200226'],https://www.glossier.com/products/glossier-you-solid,35.0,2026-10-09T15:56:29.416939+00:00
Body Spritz,9089546780917,['https://www.glossier.com/cdn/shop/files/glossier-body-spritz-obn-carousel-01.png?v=1762202213'],https://www.glossier.com/products/body-spritz,35.0,2026-10-09T15:56:29.416939+00:00
Daily Oil Wash,9119274959093,['https://www.glossier.com/cdn/shop/files/glossier-bodyhero-oilwash-carousel-01.png?v=1762201016'],https://www.glossier.com/products/body-hero-daily-oil-wash,28.0,2026-10-09T15:56:29.416939+00:00
Daily Perfecting Lotion,9119279120629,['https://www.glossier.com/cdn/shop/files/glossier-bodyhero-perfectinglotion-carousel-01.png?v=1762201016'],https://www.glossier.com/products/body-hero-daily-perfecting-lotion,28.0,2026-10-09T15:56:29.416939+00:00
No. 1 Pencil,8955900821749,['https://www.glossier.com/cdn/shop/files/glossier-no1-pencil-ochre-01.png?v=1726765433'],https://www.glossier.com/products/no-1-pencil,20.0,2026-10-09T15:56:29.416939+00:00
Priming Moisturizer Rich,8035306012917,['https://www.glossier.com/cdn/shop/files/glossier-skincare-priming-moisturizer-rich-carousel-1.png?v=1762200241'],https://www.glossier.com/products/priming-moisturizer-rich,35.0,2026-10-09T15:56:29.416939+00:00
Priming Moisturizer Balance,8035304702197,['https://www.glossier.com/cdn/shop/files/glossier-skincare-pmb-carousel-01.png?v=1762200212'],https://www.glossier.com/products/priming-moisturizer-balance,26.0,2026-10-09T15:56:29.416939+00:00
Milky Oil,8035305357557,['https://www.glossier.com/cdn/shop/files/glossier-skincare-milky-oil-carousel-01.png?v=1762200227'],https://www.glossier.com/products/milky-oil,18.0,2026-10-09T15:56:29.416939+00:00
Full Orbit,8185258410229,['https://www.glossier.com/cdn/shop/files/glossier-skincare-full-orbit-carousel-01.png?v=1762200809'],https://www.glossier.com/products/full-orbit,28.0,2026-10-09T15:56:29.416939+00:00
Lash Slick Duo,8035305029877,['https://www.glossier.com/cdn/shop/files/glossier-lash-slick-duo_1.png?v=1784234647'],https://www.glossier.com/products/lash-slick-duo,36.0,2026-10-09T15:56:29.416939+00:00
Cloud Paint Duo,8255693258997,['https://www.glossier.com/cdn/shop/files/glossier-cp-duo-carousel-1.png?v=1762200969'],https://www.glossier.com/products/cloud-paint-duo,38.0,2026-10-09T15:56:29.416939+00:00
Skylight,9178342228213,['https://www.glossier.com/cdn/shop/files/glossier-skylight-prism-carousel-1.png?v=1756319482'],https://www.glossier.com/products/skylight,24.0,2026-10-09T15:56:29.416939+00:00
Stretch Face Brush,8097737670901,['https://www.glossier.com/cdn/shop/files/glossier-makeup-stretch-face-brush-carousel-01.png?v=1762200600'],https://www.glossier.com/products/stretch-face-brush,28.0,2026-10-09T15:56:29.416939+00:00
Milky Jelly Cleansing Balm,9002627596533,['https://www.glossier.com/cdn/shop/files/glossier-mjc-balm-carousel-01.png?v=1762201805'],https://www.glossier.com/products/milky-jelly-cleansing-balm,24.0,2026-10-09T15:56:29.416939+00:00
Super Glow,8035305259253,['https://www.glossier.com/cdn/shop/files/glossier-skincare-super-glow-carousel-01.png?v=1762200224'],https://www.glossier.com/products/super-glow,34.0,2026-10-09T15:56:29.416939+00:00
Super Bounce,8035305488629,['https://www.glossier.com/cdn/shop/products/glossier-super-bounce-carousel-01_76a56806-4efa-4df0-9beb-2f030da73fa3.png?v=1762200229'],https://www.glossier.com/products/super-bounce,34.0,2026-10-09T15:56:29.416939+00:00
Super Pure,8035304898805,['https://www.glossier.com/cdn/shop/files/glossier-skincare-super-pure-carousel-01.png?v=1762200217'],https://www.glossier.com/products/super-pure,34.0,2026-10-09T15:56:29.416939+00:00
Futuredew Solid,8989311336693,['https://www.glossier.com/cdn/shop/files/glossier-futuredew-solid-carousel-01.png?v=1762201781'],https://www.glossier.com/products/futuredew-solid,26.0,2026-10-09T15:56:29.416939+00:00
Birthday Cake Candle,8784192995573,['https://www.glossier.com/cdn/shop/files/glossier-birthday-candle-carousel-01.png?v=1762201532'],https://www.glossier.com/products/birthday-cake-candle,50.0,2026-10-09T15:56:30.996855+00:00
Deodorant Refillable Case,8035306766581,['https://www.glossier.com/cdn/shop/products/glossier-deo-refill-case-carousel-01-update.png?v=1762200253'],https://www.glossier.com/products/deodorant-refillable-case,5.0,2026-10-09T15:56:30.996855+00:00
Deodorant Refill Stick,8035307258101,['https://www.glossier.com/cdn/shop/products/glossier-deorefill-unscented-carousel-01.png?v=1765390004'],https://www.glossier.com/products/deodorant-refill-stick,18.0,2026-10-09T15:56:30.996855+00:00
Solution,8284280193269,['https://www.glossier.com/cdn/shop/files/glossier-skincare-solution-carousel-01.png?v=1762201015'],https://www.glossier.com/products/solution,30.0,2026-10-09T15:56:30.996855+00:00
Lidstar,8035307651317,['https://www.glossier.com/cdn/shop/files/glossier-lidstar-lily-01.png?v=1726759470'],https://www.glossier.com/products/lidstar,20.0,2026-10-09T15:56:30.996855+00:00
Body Hero Exfoliating Bar,8035305324789,['https://www.glossier.com/cdn/shop/products/glossier-body-exfoliating-carousel-01.png?v=1762200225'],https://www.glossier.com/products/body-hero-exfoliating-bar,18.0,2026-10-09T15:56:30.996855+00:00
Glossier You Solid Refill,8035305193717,['https://www.glossier.com/cdn/shop/files/glossier-fragrance-you-solidrefill-01.png?v=1762200222'],https://www.glossier.com/products/glossier-you-solid-refill,25.0,2026-10-09T15:56:30.996855+00:00
Sharpener,8463593275637,['https://www.glossier.com/cdn/shop/files/glossier-carousel-lipline-sharpener-01.png?v=1762201232'],https://www.glossier.com/products/sharpener,9.0,2026-10-09T15:56:30.996855+00:00
Terrazzo Hoodie,7774947967221,['https://www.glossier.com/cdn/shop/files/glossier-terrazzo-hoodie-carousel-01.png?v=1762199584'],https://www.glossier.com/products/terrazzo-hoodie,65.0,2026-10-09T15:56:30.996855+00:00
Limited Edition Embroidered Cream Hoodie,8059543847157,['https://www.glossier.com/cdn/shop/files/glossier-creamhoodie-carousel-01.png?v=1762200429'],https://www.glossier.com/products/limited-edition-embroidered-cream-hoodie,65.0,2026-10-09T15:56:30.996855+00:00
Three Eyed Smiley Mug,8878914076917,['https://www.glossier.com/cdn/shop/files/glossier-mug-carousel-01.png?v=1762201666'],https://www.glossier.com/products/three-eyed-smiley-mug,18.0,2026-10-09T15:56:30.996855+00:00
Glossier Sweatshirt,8035307454709,['https://www.glossier.com/cdn/shop/products/glossier-greysweatshirt-carousel-01-updated.png?v=1762200267'],https://www.glossier.com/products/glossier-sweatshirt,55.0,2026-10-09T15:56:30.996855+00:00
Field Greens Blanket,7774946722037,['https://www.glossier.com/cdn/shop/files/glossier-field-greensblanket-carousel-01.png?v=1762199572'],https://www.glossier.com/products/field-greens-blanket,65.0,2026-10-09T15:56:30.996855+00:00
Glossier Utility Bag,8511286575349,['https://www.glossier.com/cdn/shop/files/glossier-carousel-utilitybag-01.png?v=1762201240'],https://www.glossier.com/products/glossier-utility-bag,55.0,2026-10-09T15:56:30.996855+00:00
Duffle Bag,8081166794997,['https://www.glossier.com/cdn/shop/files/glossier-dufflebag-carousel-01.png?v=1762200544'],https://www.glossier.com/products/duffle-bag,55.0,2026-10-09T15:56:30.996855+00:00
Classic Cap,8878915322101,['https://www.glossier.com/cdn/shop/files/cloud-paint-carousel-01.png?v=1732129523'],https://www.glossier.com/products/classic-cap,30.0,2026-10-09T15:56:30.996855+00:00
Full Body Routine,9119288197365,['https://www.glossier.com/cdn/shop/files/glossier-0622-full-body-routine-carousel-01.png?v=1782133143'],https://www.glossier.com/products/full-body-routine,73.0,2026-10-09T15:56:30.996855+00:00
The Cheek Kit,8262396510453,['https://www.glossier.com/cdn/shop/files/glossier-cp-futuredew-carousel-01_1f273112-06ad-4921-993c-9708b319d9da.png?v=1762200976'],https://www.glossier.com/products/the-cheek-kit,43.0,2026-10-09T15:56:30.996855+00:00
The Glossier You Routine,9110245540085,['https://www.glossier.com/cdn/shop/files/glossier-cremedeyou-you-edp-carousel-01.png?v=1762268500'],https://www.glossier.com/products/glossier-you-routine,92.0,2026-10-09T15:56:32.691412+00:00
The Lip Kit,9011109789941,['https://www.glossier.com/cdn/shop/files/glossier-ultralip-lipline-carousel-01.png?v=1762201827'],https://www.glossier.com/products/lip-kit,34.0,2026-10-09T15:56:32.691412+00:00
Care Package,9042584371445,['https://www.glossier.com/cdn/shop/files/glossier-handcream-bdc-original-carousel-01.png?v=1772200522'],https://www.glossier.com/products/care-package,32.0,2026-10-09T15:56:32.691412+00:00
The Brow Kit,8734519099637,['https://www.glossier.com/cdn/shop/files/glossier-bba-set-carousel-01a.png?v=1762201401'],https://www.glossier.com/products/brow-kit,39.0,2026-10-09T15:56:32.691412+00:00
Cloud Paint Cheek Brush,9315806183669,['https://www.glossier.com/cdn/shop/files/glossier-cloudpaint-brush-carousel-1.png?v=1757006094'],https://www.glossier.com/products/cloud-paint-cheek-brush,25.0,2026-10-09T15:56:32.691412+00:00
Wavy Tray,8784198795509,['https://www.glossier.com/cdn/shop/files/glossier-wavytray-carousel-01.png?v=1762201533'],https://www.glossier.com/products/wavy-tray,20.0,2026-10-09T15:56:32.691412+00:00
Digital Gift Card,8035307553013,['https://www.glossier.com/cdn/shop/files/gift-card-01.png?v=1762200269'],https://www.glossier.com/products/gift-card,10.0,2026-10-09T15:56:32.691412+00:00
