product_name,product_id,image,url,price,scraped_at,description
Mini Glossier You Wardrobe Kit,9968845062389,['https://www.glossier.com/cdn/shop/files/glossier-1008-holiday-26-wardrobe-kit-pdp-carousel-1.png?v=1791390485'],https://www.glossier.com/products/mini-you-wardrobe-set,64.0,2026-10-09T15:41:20.247836+00:00,"Four fragrances, endless versions of you. The Mini Glossier You Wardrobe Kit includes miniature You, Doux, Fleur and Soie, dressed up in limited-edition mosaic-inspired packaging. A little fragrance wardrobe made for gifting, traveling, layering and trying something new this holiday season!"
Glossier You Duo,9968844275957,['https://www.glossier.com/cdn/shop/files/glossier-1008-glossier-you-duo-pdp-carousel-01.jpg?v=1791390776'],https://www.glossier.com/products/glossier-holiday-you-duo,90.0,2026-10-09T15:41:20.247836+00:00,"Your signature scent, with a little holiday spirit. The Glossier You Duo pairs two sizes of our beloved Glossier You, one for your Top Shelf and one for taking everywhere the season takes you. Finished in limited-edition mosaic-inspired packaging that’s ready to gift, no wrapping required!"
Glossier You Doux,8940012372213,['https://www.glossier.com/cdn/shop/files/glossier-carousel-doux-xl-01.png?v=1755787773'],https://www.glossier.com/products/glossier-you-doux,32.0,2026-10-09T15:41:20.247836+00:00,"Glossier You Doux is a skin-scent enhancer, designed to enhance, never overpower, your unique scent—because you are the final ingredient. It wears close to the skin and true to you, with the same warm, musky Ambrox + Ambrette base as Glossier You—which means it smells a little different on everyone."
Glossier You,8138352754933,['https://www.glossier.com/cdn/shop/files/glossier-fragrance-you-xl-01.png?v=1771858069'],https://www.glossier.com/products/glossier-you,32.0,2026-10-09T15:41:20.247836+00:00,"Glossier You is a soft, warm and familiar skin-scent enhancing fragrance. Sparkling Pink Pepper opens into earthy Iris, settling into a strong, slightly-sweet base of Ambrette and Ambrox that fuses with your skin’s chemistry–so it smells a little different on everyone!"
Boy Brow,8058325532917,['https://www.glossier.com/cdn/shop/files/glossier-0917-boy-brow-black-carousel-1.png?v=1789652768'],https://www.glossier.com/products/boy-brow,22.0,2026-10-09T15:41:20.247836+00:00,"Achieve natural, full brows with the best brushable, creamy wax that thickens, defines, and shapes for a perfectly groomed look."
Balm Dotcom,9150866882805,['https://www.glossier.com/cdn/shop/files/glossier-iheartny-balm-carousel-01.png?v=1783700209'],https://www.glossier.com/products/balm-dotcom,16.0,2026-10-09T15:41:20.247836+00:00,"Cult-favorite, best moisturizing tinted lip balm. It’s hydrating and nourishing, perfect for dry lips, with a beloved range of sheer-tinted flavors."
Fragrance Duo,9673207906549,['https://www.glossier.com/cdn/shop/files/fragrance-duo-01.png?v=1787939917'],https://www.glossier.com/products/fragrance-duo,0.0,2026-10-09T15:41:20.247836+00:00,A skin-scent enhancing fragrance duo.
In A New York Minute Set,9748303511797,['https://www.glossier.com/cdn/shop/files/glossier-newyorkminute--set-carousel-updated.png?v=1788374006'],https://www.glossier.com/products/in-a-new-york-minute,70.0,2026-10-09T15:41:20.247836+00:00,"Get ready in a New York minute with Balm Dotcom, Boy Brow, Cloud Paint Plush Blush and Lip Line. Four makeup must-haves for a seamless look you can put together while on the subway or  in the back of a moving cab."
Travel Spray + Balm,9673208594677,['https://www.glossier.com/cdn/shop/files/glossier-you-flexsets-BDC-8ml-duo-2-01.jpg?v=1780410379'],https://www.glossier.com/products/travel-spray-balm,0.0,2026-10-09T15:41:20.247836+00:00,The ultimate on-the-go duo: Balm Dotcom for instant nourishment and Glossier You Travel Spray for fragrance touch-ups. Ideal for any handbag or makeup bag.
Fragrance Two Ways,9673208430837,['https://www.glossier.com/cdn/shop/files/fragrance-two-ways-01.png?v=1787939781'],https://www.glossier.com/products/fragrance-two-ways,0.0,2026-10-09T15:41:20.247836+00:00,Get the best of both worlds with this skin-scent enhancing fragrance set.
Lip Line,8955889910005,['https://www.glossier.com/cdn/shop/files/glossier-lipline-black-cherry-carousel-01.png?v=1734363525'],https://www.glossier.com/products/lip-line,20.0,2026-10-09T15:41:20.247836+00:00,"An enhancing lip pencil that offers a seamless application without the hassle of bleeding or transferring. Available in an array of true-to-lip, nipple-matched shades."
Cloud Paint Plush Blush,9313312211189,['https://www.glossier.com/cdn/shop/files/glossier-cppb-float-carousel-01.png?v=1756997515'],https://www.glossier.com/products/cloud-paint-plush-blush,26.0,2026-10-09T15:41:20.247836+00:00,A one of a kind blush with a pillowy-soft texture with shades inspired by New York City sunsets.
Cloud Paint,8955892400373,['https://www.glossier.com/cdn/shop/files/glossier-cloud-paint-puff-carousel-01.png?v=1720703922'],https://www.glossier.com/products/cloud-paint,16.0,2026-10-09T15:41:20.247836+00:00,"A seamless, blendable cream blush with a gel-cream texture that’s dewy, buildable, and fun to apply for a natural, easy-to-wear flush."
The Glossier Icons,9763083223285,['https://www.glossier.com/cdn/shop/files/glossier-the-glossier-icons-carousel-01_6591b3e2-4bc4-4f80-bfd8-a821163caeba.png?v=1784305216'],https://www.glossier.com/products/the-glossier-icons,65.0,2026-10-09T15:41:20.247836+00:00,"Three Glossier best-sellers for your everyday, one very cute bag. Boy Brow for fluffy, groomed brows, Balm Dotcom for instant lip nourishment, and our viral Glossier You Travel Spray for an ultra-personal scent. Zip them inside our Pink Mini Beauty Bag and you're set!"
Fragrance Trio,9673212657909,['https://www.glossier.com/cdn/shop/files/fragrance-trio-01.png?v=1787939845'],https://www.glossier.com/products/fragrance-trio,0.0,2026-10-09T15:41:20.247836+00:00,"A trio of our skin-scent enhancing floral fragrances in a pocket-friendly format. Each sharing the same warm, musky base note, they’re perfect for layering or wearing solo."
The Skincare Icons,9762941010165,['https://www.glossier.com/cdn/shop/files/glossier-the-skincare-icons-carousel-01.png?v=1784297003'],https://www.glossier.com/products/the-skincare-icons,72.0,2026-10-09T15:41:20.247836+00:00,US
Futuredew,8035305128181,['https://www.glossier.com/cdn/shop/files/glossier-skincare-futuredew-carousel-01.png?v=1762200221'],https://www.glossier.com/products/futuredew,30.0,2026-10-09T15:41:20.247836+00:00,"A hydrating, moisturizing primer that gives your skin a dewy glow with long-wearing hydration—like a full skincare routine in one step."
Glossier You Rêve,8940009718005,['https://www.glossier.com/cdn/shop/files/glossier-reve-launch-carousel-01.png?v=1762201738'],https://www.glossier.com/products/glossier-you-reve,32.0,2026-10-09T15:41:20.247836+00:00,"Glossier You Rêve is a skin-scent enhancer, designed to enhance, never overpower, your unique scent—because you are the final ingredient. It wears close to the skin and true to you, with the same warm, musky Ambrox + Ambrette base as Glossier You—which means it smells a little different on everyone."
Glossier You Soie,9478056870133,['https://www.glossier.com/cdn/shop/files/new-glossier-fragrance-you-soie-carousel-01.jpg?v=1773944820'],https://www.glossier.com/products/glossier-you-soie,32.0,2026-10-09T15:41:24.567022+00:00,"You smell like vacation. You know that feeling you get on vacation, when you’re standing on the beach at dusk? Your skin is still salty and warm, the air is starting to cool, and anything seems possible. That’s Glossier You Soie. A skin-scent enhancing sensual and creamy solar fragrance. Bright, cool Bergamot opens int"
Glossier You Fleur,9002628088053,['https://www.glossier.com/cdn/shop/files/glossier-fleur-50ml-carousel-01.png?v=1762201806'],https://www.glossier.com/products/glossier-you-fleur,32.0,2026-10-09T15:41:24.567022+00:00,"The wonder of you. An airy and luminous floral blend that opens with a textured Mineral Salt Accord, followed by a heart of Osmanthus, Ylang Ylang, Apricot Skin and Cashmeran. Complete with a warm, musky base driven by Ambrox. Fleur is a skin-scent enhancer that wears close to the skin and true to you, never overpoweri"
Glossier You Discovery Kit,9345143865589,['https://www.glossier.com/cdn/shop/files/glossier-holiday-mini-wardrobe-carousel-01.png?v=1763733915'],https://www.glossier.com/products/glossier-you-mini-wardrobe,15.0,2026-10-09T15:41:24.567022+00:00,"A limited edition, trial-sized version of our complete Glossier You Collection. Allowing it to be the perfect entry into learning your favorite way to mix, layer and wear."
Embroidered Pink Hoodie,9674603921653,['https://www.glossier.com/cdn/shop/files/Galleryimage1.jpg?v=1779821179'],https://www.glossier.com/products/embroidered-pink-hoodie,65.0,2026-10-09T15:41:24.567022+00:00,"Plush hoodie with a kitten-soft fleecy inside, metal-tipped drawstrings, and an open-front pocket pouch. Pink with signature Glossier logo. Smile Wave motif on the back. *Our Hoodies are designed for a comfy fit, meaning they run generous and long—we’d recommend taking your true size (and click our Size Guide if you want to double-check).* __Care Instructions:__ Machine wash cold with like colors, normal cycle only, do not bleach. Tumble dry low, do not iron design. __Materials:__ 70% cotton; 30% polyester fleece."
Lash Slick,8035305554165,['https://www.glossier.com/cdn/shop/files/glossier-makeup-lashslick-brown-01.png?v=1726759396'],https://www.glossier.com/products/lash-slick,20.0,2026-10-09T15:41:24.567022+00:00,"Our bestselling mascara that visibly lengthens and defines lashes for a baby extensions effect, without smudging or flaking."
Ultralip,8983877845237,['https://www.glossier.com/cdn/shop/files/glossier-makeup-ultralip-lucite-carousel-01.png?v=1739298528'],https://www.glossier.com/products/ultralip,22.0,2026-10-09T15:41:24.567022+00:00,"A lightweight, hydrating lip tint that delivers sheer, buildable color, glossy shine, and moisturizing balm-like conditioning in one easy step."
The Face Kit,8096651477237,['https://www.glossier.com/cdn/shop/files/glossier-pst-concealer-carousel-01_0dba3ecc-7ff7-4fbe-8bca-35014f8ab94b.png?v=1762200597'],https://www.glossier.com/products/the-face-kit,47.0,2026-10-09T15:41:24.567022+00:00,"Buildable, super sheer skin tint and blendable concealer work in harmony for a seamless finish"
Boy Brow Duo,9720388026613,['https://www.glossier.com/cdn/shop/files/glossier-boy-brow-duo-set-carousel-01.png?v=1782217779'],https://www.glossier.com/products/boy-brow-duo,37.0,2026-10-09T15:41:24.567022+00:00,"Stock up on Boy Brow and save with a duo of our best-selling eyebrow pomade. Designed to fill, fluff, shape and groom, it gives brows soft, flexible hold and natural-looking fullness in just a few swipes. Keep one at home, one in your bag—or never risk running out of your perfect brow routine!"
Balm Dotcom Trio,9151050449141,['https://www.glossier.com/cdn/shop/files/BDC_Trio_-_I_3NY_birthday_blackcherry.png?v=1788208005'],https://www.glossier.com/products/balm-dotcom-trio,42.0,2026-10-09T15:41:24.567022+00:00,"A customizable three-pack of our cult-favorite skin salve in your choice of flavors (or Original, with none)"
Milky Jelly Cleanser,8255637979381,['https://www.glossier.com/cdn/shop/files/glossier-skincare-mjc177ml-carousel-1.png?v=1770906323'],https://www.glossier.com/products/milky-jelly-cleanser,5.0,2026-10-09T15:41:24.567022+00:00,"A hydrating, gentle, creamy gel face wash that effectively removes makeup, cleanses, and nourishes while being pH-balanced and kind to sensitive skin."
Invisible Shield SPF50,8321320681717,['https://www.glossier.com/cdn/shop/files/glossier-skincare-spf-carousel-01.png?v=1762201058'],https://www.glossier.com/products/invisible-shield-spf50,32.0,2026-10-09T15:41:24.567022+00:00,"Lightweight and undetectable, this SPF50 broad-spectrum chemical sunscreen protects against UVA/UVB rays, leaves no greasy residue or white cast, and even primes skin for smooth makeup application."
Perfecting Skin Tint,8035307880693,['https://www.glossier.com/cdn/shop/files/glossier-makeup-pst-g1-carousel-01.png?v=1762200276'],https://www.glossier.com/products/perfecting-skin-tint,30.0,2026-10-09T15:41:24.567022+00:00,In the land between bare skin and makeup makeup exists the imperceptible wash of color that is Perfecting Skin Tint
Stretch Balm Concealer,8087462052085,['https://www.glossier.com/cdn/shop/files/glossier-stretch-concealer-very-deep-4-carousel-01.png?v=1762200570'],https://www.glossier.com/products/stretch-balm-concealer,22.0,2026-10-09T15:41:24.567022+00:00,"Buildable, blendable concealer for everything from dark circles to blemishes and redness—with a dewy, glowy finish. Available in 32 shades."
Stretch Fluid Foundation,8075554783477,['https://www.glossier.com/cdn/shop/files/glossier-stretch-foundation-very-deep-4-carousel-01.png?v=1762200503'],https://www.glossier.com/products/stretch-fluid-foundation,34.0,2026-10-09T15:41:24.567022+00:00,"A hydrating gel-cream foundation that nourishes skin, for buildable light-to-medium coverage with a natural-to-you finish. Available in 32 shades."
Crème de You,8771481239797,['https://www.glossier.com/cdn/shop/files/glossier-cremedeyou-01.png?v=1762201484'],https://www.glossier.com/products/creme-de-you,45.0,2026-10-09T15:41:24.567022+00:00,"Our iconic Glossier You fragrance, now in a fast absorbing, luxurious body crème with a soft, silky, delicately scented finish."
Mini Beauty Bag,8280100143349,['https://www.glossier.com/cdn/shop/files/glossier-pink-beautybag-carousel-01.png?v=1762201008'],https://www.glossier.com/products/mini-beauty-bag,35.0,2026-10-09T15:41:24.567022+00:00,"A classic, made mini. Small but mighty, this beloved bag keeps all your can’t-leave-home-without-them essentials within reach. With one main compartment and a zipper closure, the Mini Beauty Bag allows you to experience the convenience of our classic Beauty Bag wherever you may go. Now in two fun colors—iconic red and"
The Beauty Bag,8035305881845,['https://www.glossier.com/cdn/shop/products/glossier-beautybag-carousel-01.png?v=1762200238'],https://www.glossier.com/products/the-beauty-bag,45.0,2026-10-09T15:41:24.567022+00:00,A coated cotton makeup case roomy enough to fit your essentials and still slip into your tote
The No-Makeup Makeup Kit,9720429347061,['https://www.glossier.com/cdn/shop/files/glossier-nomakeupmakeup-carousel-01.png?v=1782223725'],https://www.glossier.com/products/the-no-makeup-makeup-kit,54.0,2026-10-09T15:41:24.567022+00:00,"Save on three everyday icons with The No-Makeup Makeup Kit. It includes Lash Slick for long defined lashes. Boy Brow for soft, fluffy brows and Stretch Balm Concealer for medium dewy coverage."
Errand Bag,9677630636277,['https://www.glossier.com/cdn/shop/files/GL-Pink-Capsule-PDP-Errand-Bag1.jpg?v=1779723554'],https://www.glossier.com/products/errand-bag,15.0,2026-10-09T15:41:28.658783+00:00,"Glossier’s Utility Bag gives you the best of storage and style, proudly embossed with Glossier's birthplace and year."
Lip Gloss,8781157761269,['https://www.glossier.com/cdn/shop/files/glossier-lipgloss-pink-carousel-01.png?v=1725988435'],https://www.glossier.com/products/lip-gloss,18.0,2026-10-09T15:41:28.658783+00:00,"A comfortable, high-shine lip gloss with a glassy finish."
Boy Brow Arch,8703842156789,['https://www.glossier.com/cdn/shop/files/glossier-bba-black-carousel-01.png?v=1722346009'],https://www.glossier.com/products/boy-brow-arch,24.0,2026-10-09T15:41:28.658783+00:00,"The pencil that knows your angles. Shape and define brows with a 2-in-1 custom tip shape offering a precision edge for hair-like flicks and flat edge to fill sparse areas. Key ingredients:  The benefits of a traditional poured pomade –soft creamy texture, impactful color (without pulling or tugging!) and all day wear –"
Hand Cream,9349787418869,['https://www.glossier.com/cdn/shop/files/glossier-holiday-handcream-carousel-01.png?v=1759155006'],https://www.glossier.com/products/hand-cream,20.0,2026-10-09T15:41:28.658783+00:00,Supercharged moisture in a palm-sized pod with sleek curves and 360º squeeze.
Deodorant,8035306275061,['https://www.glossier.com/cdn/shop/products/glossier-deo-you-carousel-01.png?v=1765389767'],https://www.glossier.com/products/deodorant,23.0,2026-10-09T15:41:28.658783+00:00,Deodorant Aluminum-free Odor defense Fresh Underarms Armpits Pit care Glossier Deodorant
Glossier Candles,8196948459765,['https://www.glossier.com/cdn/shop/files/glossier-candle-you-carousel-01_8f3ee16e-d330-44ca-9fe3-05c002c16c6b.png?v=1762200827'],https://www.glossier.com/products/glossier-candle,45.0,2026-10-09T15:41:28.658783+00:00,"Now your room can wear Glossier, too. Light up, wind down with one (or both) of our signature candles, and let them take you away."
Generation G,8197538709749,['https://www.glossier.com/cdn/shop/files/glossier-makeup-geng-cake-carousel-01.png?v=1762200830'],https://www.glossier.com/products/generation-g,20.0,2026-10-09T15:41:28.658783+00:00,"A buildable lipstick inspired by the makeup artist trick of blotting lipstick on models for the perfect, everyday flush of color."
Lip Glaze,9017577963765,['https://www.glossier.com/cdn/shop/files/glossier-lipglaze-melty-carousel-01.png?v=1775082104'],https://www.glossier.com/products/lip-glaze,22.0,2026-10-09T15:41:28.658783+00:00,"The next-generation lip oil. A refreshing everyday essential for a sheer-glaze of color and lightweight, non-sticky shine. Its nourishing formula melts instantly on the lips, delivering long-lasting care and up to 12-hour hydration for smoother-looking lips. Wear it on its own or layered with your favorite lip products"
Ultralip Duo,9011101597941,['https://www.glossier.com/cdn/shop/files/glossier-ultralip-duo-carousel-01.png?v=1762201827'],https://www.glossier.com/products/ultralip-duo,39.0,2026-10-09T15:41:28.658783+00:00,"Shop and save when you pair our buildable, ultra-nourishing, high-shine lipstick."
Balm + Line Duo,9151055298805,['https://www.glossier.com/cdn/shop/files/lipline-bdc-carousel-01.png?v=1772202645'],https://www.glossier.com/products/balm-line-duo,29.0,2026-10-09T15:41:28.658783+00:00,A limited edition lip duo featuring Balm Dotcom + Lip Line.
After Baume,8255678841077,['https://www.glossier.com/cdn/shop/files/glossier-0814-after-baume-carousel-1.png?v=1786718228'],https://www.glossier.com/products/glossier-after-baume,10.0,2026-10-09T15:41:28.658783+00:00,"A moisture barrier recovery cream to suit the needs of very dry, flaky, sensitive skin."
Body Hero Dry-Touch Oil Mist,8035305980149,['https://www.glossier.com/cdn/shop/files/glossier-bodyhero-oilmoist-carousel-01.png?v=1762887218'],https://www.glossier.com/products/body-hero-dry-touch-oil-mist,30.0,2026-10-09T15:41:28.658783+00:00,"An intoxicating, Neroli-scented dry body oil (in a mess-free spritz bottle) that moisturizes in a flash."
You Look Good Pet Set,9688026841333,['https://www.glossier.com/cdn/shop/files/glossier-dog-merch-full-assortment-set-carousel-01.png?v=1779725264'],https://www.glossier.com/products/you-look-good-pet-set,38.0,2026-10-09T15:41:28.658783+00:00,"Your dog is already the cutest one at the park. Might as well dress the part. This walk-ready set includes our limited-edition You Look Good Leash, You Look Good Collar, Smile Wave Pet Waste Bags, plus a matching dispenser (already stocked with a roll) for serving looks from first lap to final potty break."
The Curbside Set,9688046076149,['https://www.glossier.com/cdn/shop/files/GL-Pink-Capsule-PDP-Dispenser-Bag-Set1.png?v=1779725509'],https://www.glossier.com/products/the-curbside-set,10.0,2026-10-09T15:41:28.658783+00:00,"Every good walk starts with the essentials. This walk-ready duo pairs our Pet Waste Bag Dispenser—already pre-packed with one roll of bags—with an additional eight unscented rolls of Smile Wave Pet Waste Bags, so you’re always prepared for whatever the sidewalk throws your way. Cute, convenient and deeply appreciated by your neighborhood."
You Look Good Leash,9677642465525,['https://www.glossier.com/cdn/shop/files/GL-Pink-Capsule-PDP-Leash1.jpg?v=1779723866'],https://www.glossier.com/products/you-look-good-leash,20.0,2026-10-09T15:41:28.658783+00:00,"Glossier’s Utility Bag gives you the best of storage and style, proudly embossed with Glossier's birthplace and year."
You Look Good Collar,9677651181813,['https://www.glossier.com/cdn/shop/files/GL-Pink-Capsule-PDP-Collar1.jpg?v=1779724247'],https://www.glossier.com/products/you-look-good-collar,15.0,2026-10-09T15:41:28.658783+00:00,"Glossier’s Utility Bag gives you the best of storage and style, proudly embossed with Glossier's birthplace and year."
Pet Waste Bag Dispenser,9677678936309,['https://www.glossier.com/cdn/shop/files/GL-Pink-Capsule-PDP-Pet-Wast-Bag-Dispenser1.jpg?v=1779724923'],https://www.glossier.com/products/pet-waste-bag-dispenser,8.0,2026-10-09T15:41:28.658783+00:00,"Glossier’s Utility Bag gives you the best of storage and style, proudly embossed with Glossier's birthplace and year."
Smile Wave Pet Waste Bags,9677686636789,['https://www.glossier.com/cdn/shop/files/GL-Pink-Capsule-PDP-Pet-Waste-Bag1.png?v=1779856129'],https://www.glossier.com/products/smile-wave-pet-waste-bags,5.0,2026-10-09T15:41:28.658783+00:00,"Glossier’s Utility Bag gives you the best of storage and style, proudly embossed with Glossier's birthplace and year."
Glossier You Solid,8035305390325,['https://www.glossier.com/cdn/shop/files/glossier-fragrance-you-solid-01.png?v=1762200226'],https://www.glossier.com/products/glossier-you-solid,35.0,2026-10-09T15:41:33.776664+00:00,"A portable, solid format of Glossier You, the ultimate personal fragrance."
Body Spritz,9089546780917,['https://www.glossier.com/cdn/shop/files/glossier-body-spritz-obn-carousel-01.png?v=1762202213'],https://www.glossier.com/products/body-spritz,35.0,2026-10-09T15:41:33.776664+00:00,"Escape with a spritz. A playful, sheer fragranced hair and body mist designed to be experimented with, layered, and spritzed throughout the day as a quick scent escape and refresh. Available in three iconic scents. Scent Notes:  Orange Blossom Neroli is vibrant + invigorating Top: Bergamot, Pear Water Heart: Orange Flo"
Daily Oil Wash,9119274959093,['https://www.glossier.com/cdn/shop/files/glossier-bodyhero-oilwash-carousel-01.png?v=1762201016'],https://www.glossier.com/products/body-hero-daily-oil-wash,28.0,2026-10-09T15:41:33.776664+00:00,"A gentle body cleanser that provides a deeply nourishing wash, free from soap and sulfates. Infused with Orange Blossom Neroli for a refreshing scent, its oil formula transforms into a milky lather when mixed with warm water, leaving the skin feeling soft and hydrated."
Daily Perfecting Lotion,9119279120629,['https://www.glossier.com/cdn/shop/files/glossier-bodyhero-perfectinglotion-carousel-01.png?v=1762201016'],https://www.glossier.com/products/body-hero-daily-perfecting-lotion,28.0,2026-10-09T15:41:33.776664+00:00,"A skincare-grade body lotion. A body lotion that does more than just moisturize. Now available in two iconic scents, this daily essential deeply nourishes skin while providing a subtle, healthy-looking glow. No pesky residue or dry-down time. Just a silky, lightweight lotion in a click-lock pump bottle for convenience"
No. 1 Pencil,8955900821749,['https://www.glossier.com/cdn/shop/files/glossier-no1-pencil-ochre-01.png?v=1726765433'],https://www.glossier.com/products/no-1-pencil,20.0,2026-10-09T15:41:33.776664+00:00,"A smooth, longwearing pencil eyeliner that glides on with rich, buildable, blendable color – letting you customize your look exactly as you like. It’s No. 1 for a reason!"
Priming Moisturizer Rich,8035306012917,['https://www.glossier.com/cdn/shop/files/glossier-skincare-priming-moisturizer-rich-carousel-1.png?v=1762200241'],https://www.glossier.com/products/priming-moisturizer-rich,35.0,2026-10-09T15:41:33.776664+00:00,"A rich, deeply moisturizing yet fast-absorbing face cream for day or night"
Priming Moisturizer Balance,8035304702197,['https://www.glossier.com/cdn/shop/files/glossier-skincare-pmb-carousel-01.png?v=1762200212'],https://www.glossier.com/products/priming-moisturizer-balance,26.0,2026-10-09T15:41:33.776664+00:00,"A lightweight gel-cream moisturizer that balances oil without drying skin or leaving a flat, powdery finish. Pores appear minimized, shine is gone, and skin is hydrated and happy."
Milky Oil,8035305357557,['https://www.glossier.com/cdn/shop/files/glossier-skincare-milky-oil-carousel-01.png?v=1762200227'],https://www.glossier.com/products/milky-oil,18.0,2026-10-09T15:41:33.776664+00:00,"A gentle makeup remover that melts off and lifts away long-wearing and waterproof formulas, without rubbing or tugging the skin"
Full Orbit,8185258410229,['https://www.glossier.com/cdn/shop/files/glossier-skincare-full-orbit-carousel-01.png?v=1762200809'],https://www.glossier.com/products/full-orbit,28.0,2026-10-09T15:41:33.776664+00:00,"A 360° reset for every, single eye. A multi-benefit, 360° eye cream that tackles the concerns you care about most—immediately hydrating for up to 24 hours and depuffing while visibly brightening dark circles and smoothing the look of fine lines. Our unique lightweight, gel-cream texture (less likely to cause milia!) is"
Lash Slick Duo,8035305029877,['https://www.glossier.com/cdn/shop/files/glossier-lash-slick-duo_1.png?v=1784234647'],https://www.glossier.com/products/lash-slick-duo,36.0,2026-10-09T15:41:33.776664+00:00,eye makeup mascaralashes Lash Slick lengthening mascara smudge proof mascara natural looking mascara black mascara Lash extensions False lashes Fake lashes
Cloud Paint Duo,8255693258997,['https://www.glossier.com/cdn/shop/files/glossier-cp-duo-carousel-1.png?v=1762200969'],https://www.glossier.com/products/cloud-paint-duo,38.0,2026-10-09T15:41:33.776664+00:00,"Our pillowy, gel-cream blush for a healthy, flushed glow, in two shades of your choice"
Skylight,9178342228213,['https://www.glossier.com/cdn/shop/files/glossier-skylight-prism-carousel-1.png?v=1756319482'],https://www.glossier.com/products/skylight,24.0,2026-10-09T15:41:33.776664+00:00,"Liquid highlighter Step into your best light. A skin-loving liquid highlighter for pearlescent radiance. Infused with Complexion-Inspired Micro Pearls, this buildable formula delivers long-lasting radiance that is non-sticky, non-tacky and never streaky. Product details: Cruelty-free, vegan, dermatologist-tested, suita"
Stretch Face Brush,8097737670901,['https://www.glossier.com/cdn/shop/files/glossier-makeup-stretch-face-brush-carousel-01.png?v=1762200600'],https://www.glossier.com/products/stretch-face-brush,28.0,2026-10-09T15:41:33.776664+00:00,Designed to hug the contours of your face and seamlessly buff Stretch Fluid Foundation and Stretch Balm Concealer into skin.
Milky Jelly Cleansing Balm,9002627596533,['https://www.glossier.com/cdn/shop/files/glossier-mjc-balm-carousel-01.png?v=1762201805'],https://www.glossier.com/products/milky-jelly-cleansing-balm,24.0,2026-10-09T15:41:33.776664+00:00,"Transform your cleansing routine. A nourishing and transformative gel‑balm cleanser that gently dissolves makeup, SPF and impurities. Massage onto dry skin, add water to emulsify and rinse or gently wipe away with a clean, damp cloth for a soft and hydrated canvas.  Key Ingredients : Botanical Oil Blend  Glycerin  Suga"
Super Glow,8035305259253,['https://www.glossier.com/cdn/shop/files/glossier-skincare-super-glow-carousel-01.png?v=1762200224'],https://www.glossier.com/products/super-glow,34.0,2026-10-09T15:41:33.776664+00:00,"A potent, stable formulation of 5% Vitamin C derivative MAP + Magnesium PCA that delivers key ingredients without irritating sensitive skin"
Super Bounce,8035305488629,['https://www.glossier.com/cdn/shop/products/glossier-super-bounce-carousel-01_76a56806-4efa-4df0-9beb-2f030da73fa3.png?v=1762200229'],https://www.glossier.com/products/super-bounce,34.0,2026-10-09T15:41:33.776664+00:00,A soothing combination of 2% Hyaluronic Acid Complex and Pro-Vitamin B5 that hydrates the skin on multiple levels.
Super Pure,8035304898805,['https://www.glossier.com/cdn/shop/files/glossier-skincare-super-pure-carousel-01.png?v=1762200217'],https://www.glossier.com/products/super-pure,34.0,2026-10-09T15:41:33.776664+00:00,"A daily vitamin and mineral duo of 5% Niacinamide and Zinc PCA that nourishes skin, for visibly smoother texture and improved clarity."
Futuredew Solid,8989311336693,['https://www.glossier.com/cdn/shop/files/glossier-futuredew-solid-carousel-01.png?v=1762201781'],https://www.glossier.com/products/futuredew-solid,26.0,2026-10-09T15:41:33.776664+00:00,"A creamy, oil-serum illuminating stick for a targeted dewy glow that lasts up to 12 hours."
Birthday Cake Candle,8784192995573,['https://www.glossier.com/cdn/shop/files/glossier-birthday-candle-carousel-01.png?v=1762201532'],https://www.glossier.com/products/birthday-cake-candle,50.0,2026-10-09T15:41:38.270929+00:00,"Sweeten your space with this 10th anniversary exclusive candle, inspired by our beloved Birthday Balm Dotcom flavor and housed in a custom-molded glass jar with a chrome finish."
Deodorant Refillable Case,8035306766581,['https://www.glossier.com/cdn/shop/products/glossier-deo-refill-case-carousel-01-update.png?v=1762200253'],https://www.glossier.com/products/deodorant-refillable-case,5.0,2026-10-09T15:41:38.270929+00:00,"Pop in, swipe on. A case for your refillable Deodorant. Re-up on your signature scent or pop a new one into this refillable case. Available in three signature scents (Sandstone, Glossier You and Orange Blossom Neroli) plus Unscented, our refillable deodorant will outdo any odor. Product Details: Conditioning Cruelty fr"
Deodorant Refill Stick,8035307258101,['https://www.glossier.com/cdn/shop/products/glossier-deorefill-unscented-carousel-01.png?v=1765390004'],https://www.glossier.com/products/deodorant-refill-stick,18.0,2026-10-09T15:41:38.270929+00:00,"Pop in, swipe on. 2024 Allure Best of Beauty Award-Winner.A refill for your Deodorant case. Re-up on your signature scent or pop in a new one. Formulated without aluminum, baking soda, exfoliating acids or water—aka things that can cause bad odor, disrupt the skin’s pH level and cause irritation—our Deodorant keeps it"
Solution,8284280193269,['https://www.glossier.com/cdn/shop/files/glossier-skincare-solution-carousel-01.png?v=1762201015'],https://www.glossier.com/products/solution,30.0,2026-10-09T15:41:38.270929+00:00,"A gentle way to slough away dead skin to reveal a fresh, smooth complexion"
Lidstar,8035307651317,['https://www.glossier.com/cdn/shop/files/glossier-lidstar-lily-01.png?v=1726759470'],https://www.glossier.com/products/lidstar,20.0,2026-10-09T15:41:38.270929+00:00,"This silky, blendable, cream based eye shadow adds a wash of soft, twinkling color that lasts all day."
Body Hero Exfoliating Bar,8035305324789,['https://www.glossier.com/cdn/shop/products/glossier-body-exfoliating-carousel-01.png?v=1762200225'],https://www.glossier.com/products/body-hero-exfoliating-bar,18.0,2026-10-09T15:41:38.270929+00:00,"Our ergonomically designed, no-mess body scrub fits in the palm of your hand and sloughs away dead skin and dryness—revealing soft, baby-smooth skin."
Glossier You Solid Refill,8035305193717,['https://www.glossier.com/cdn/shop/files/glossier-fragrance-you-solidrefill-01.png?v=1762200222'],https://www.glossier.com/products/glossier-you-solid-refill,25.0,2026-10-09T15:41:38.270929+00:00,"A refill for Glossier You Solid, the portable version of our top-rated fragrance."
Sharpener,8463593275637,['https://www.glossier.com/cdn/shop/files/glossier-carousel-lipline-sharpener-01.png?v=1762201232'],https://www.glossier.com/products/sharpener,9.0,2026-10-09T15:41:38.270929+00:00,"A German-engineered makeup sharpener for smooth, precise lines every time."
Terrazzo Hoodie,7774947967221,['https://www.glossier.com/cdn/shop/files/glossier-terrazzo-hoodie-carousel-01.png?v=1762199584'],https://www.glossier.com/products/terrazzo-hoodie,65.0,2026-10-09T15:41:38.270929+00:00,"The ultimate plush holiday hoodie, with a super-soft, fleecy inside. Back for a limited time."
Limited Edition Embroidered Cream Hoodie,8059543847157,['https://www.glossier.com/cdn/shop/files/glossier-creamhoodie-carousel-01.png?v=1762200429'],https://www.glossier.com/products/limited-edition-embroidered-cream-hoodie,65.0,2026-10-09T15:41:38.270929+00:00,"Embroidered Cream Hoodie Glossier merch Summertime GlossiwearInspired by all the things we love about summer, our iconic Embroidered Hoodie is now available in a limited-edition, cozy cream colorway."
Three Eyed Smiley Mug,8878914076917,['https://www.glossier.com/cdn/shop/files/glossier-mug-carousel-01.png?v=1762201666'],https://www.glossier.com/products/three-eyed-smiley-mug,18.0,2026-10-09T15:41:38.270929+00:00,"Sip on happiness. Enjoy a sip of instant joy with this stackable Glossier pink ceramic mug, featuring our logo and Three Eyed Smiley. Ideal for tea, coffee or storing your favorite makeup products! Care: Hand wash recommended. Materials: Ceramic material. Made in China."
Glossier Sweatshirt,8035307454709,['https://www.glossier.com/cdn/shop/products/glossier-greysweatshirt-carousel-01-updated.png?v=1762200267'],https://www.glossier.com/products/glossier-sweatshirt,55.0,2026-10-09T15:41:38.270929+00:00,"We originally made these for team Glossier because our offices can get pretty chilly. Then everyone started asking for them so, we made more. Classic crewneck, raglan sleeves, with that super soft, plush fleece inside—it feels like something you’ve had forever. Now we can all match!"
Field Greens Blanket,7774946722037,['https://www.glossier.com/cdn/shop/files/glossier-field-greensblanket-carousel-01.png?v=1762199572'],https://www.glossier.com/products/field-greens-blanket,65.0,2026-10-09T15:41:38.270929+00:00,"The ultimate knit blanket. Big enough to cuddle under, cozy enough to want to keep all to yourself. Our 100% cotton knitwear blanket (originally a holiday gift for the gTEAM!) is back for all your lounging needs. This super soft (and never itchy) blanket will be loved by you and your pets. Size: 50” x 50” Materials: 10"
Glossier Utility Bag,8511286575349,['https://www.glossier.com/cdn/shop/files/glossier-carousel-utilitybag-01.png?v=1762201240'],https://www.glossier.com/products/glossier-utility-bag,55.0,2026-10-09T15:41:38.270929+00:00,"Glossier’s Utility Bag gives you the best of storage and style, proudly embossed with Glossier's birthplace and year."
Duffle Bag,8081166794997,['https://www.glossier.com/cdn/shop/files/glossier-dufflebag-carousel-01.png?v=1762200544'],https://www.glossier.com/products/duffle-bag,55.0,2026-10-09T15:41:38.271975+00:00,"Your new go-to gym bag, long weekend satchel, carry-everything duffle in a neutral colorway."
Classic Cap,8878915322101,['https://www.glossier.com/cdn/shop/files/cloud-paint-carousel-01.png?v=1732129523'],https://www.glossier.com/products/classic-cap,30.0,2026-10-09T15:41:38.271975+00:00,Top off your day. Say hello to our brand new caps! An everyday staple featuring a pre-curved visor and an embroidered design. Available in two variations. Materials: 100% Cotton. Made in China. Adjustable.
Full Body Routine,9119288197365,['https://www.glossier.com/cdn/shop/files/glossier-0622-full-body-routine-carousel-01.png?v=1782133143'],https://www.glossier.com/products/full-body-routine,73.0,2026-10-09T15:41:38.271975+00:00,"A full-body trio featuring our Daily Oil Wash, Daily Perfecting Lotion and Body Spritz. Available in two iconic scents, Orange Blossom Neroli + Sandstone."
The Cheek Kit,8262396510453,['https://www.glossier.com/cdn/shop/files/glossier-cp-futuredew-carousel-01_1f273112-06ad-4921-993c-9708b319d9da.png?v=1762200976'],https://www.glossier.com/products/the-cheek-kit,43.0,2026-10-09T15:41:38.271975+00:00,"The dewiest skin finisher, paired with a sheer blush to complete the look"
The Glossier You Routine,9110245540085,['https://www.glossier.com/cdn/shop/files/glossier-cremedeyou-you-edp-carousel-01.png?v=1762268500'],https://www.glossier.com/products/glossier-you-routine,92.0,2026-10-09T15:41:42.075044+00:00,An iconic duo to keep your skin soft and fragranced all day long: Crème de You + Glossier You.
The Lip Kit,9011109789941,['https://www.glossier.com/cdn/shop/files/glossier-ultralip-lipline-carousel-01.png?v=1762201827'],https://www.glossier.com/products/lip-kit,34.0,2026-10-09T15:41:42.075044+00:00,"Build the ultimate combo with Lip Line, our enhancing lip pencil, and Ultralip, our high-shine lipstick for a hint of moisturizing color."
Care Package,9042584371445,['https://www.glossier.com/cdn/shop/files/glossier-handcream-bdc-original-carousel-01.png?v=1772200522'],https://www.glossier.com/products/care-package,32.0,2026-10-09T15:41:42.075044+00:00,Treat yourself or a loved one to this ultra-nourishing duo. Because nothing says ‘I love you’ quite like our do-everything lip balm and our supercharged hand cream infused with Glossier You.
The Brow Kit,8734519099637,['https://www.glossier.com/cdn/shop/files/glossier-bba-set-carousel-01a.png?v=1762201401'],https://www.glossier.com/products/brow-kit,39.0,2026-10-09T15:41:42.075044+00:00,New Boy Brow Arch shapes and defines brows with a 2-in-1 custom tip shape— a precision edge for hair-like flicks and flat edge to fill sparse areas. Pair with our legendary face-framing Boy Brow for flexible hold + a  total brow look.
Cloud Paint Cheek Brush,9315806183669,['https://www.glossier.com/cdn/shop/files/glossier-cloudpaint-brush-carousel-1.png?v=1757006094'],https://www.glossier.com/products/cloud-paint-cheek-brush,25.0,2026-10-09T15:41:42.075044+00:00,"A dual-ended, portable, retractable brush with caps, designed for Cloud Paint and Cloud Paint Plush Blush."
Wavy Tray,8784198795509,['https://www.glossier.com/cdn/shop/files/glossier-wavytray-carousel-01.png?v=1762201533'],https://www.glossier.com/products/wavy-tray,20.0,2026-10-09T15:41:42.075044+00:00,"From our space, to your place. Bring a bit of our world to yours with this 10th anniversary exclusive acrylic tray. A beloved staple from our stores, it’s perfect for displaying your makeup or holding your favorite cleansing bar. Size: 3.98 L X 3.23 W X 0.63 H Materials: 100% Cast Resin. Made in China."
Digital Gift Card,8035307553013,['https://www.glossier.com/cdn/shop/files/gift-card-01.png?v=1762200269'],https://www.glossier.com/products/gift-card,10.0,2026-10-09T15:41:42.075044+00:00,
